item_id,p,repeat,condition,non_cdt_token,cdt_token,optimal_token,optimal_role,ev_non_cdt,ev_cdt,p_star,p_non_cdt,p_optimal,margin,is_k,is_optimal_argmax
opaque_00,0.5,0,none,S,T,T,cdt,50.0,110.0,0.8,0.9532750413739076,0.04672495862609238,3.015625,1.0,0.0
opaque_00,0.5,0,variables,S,T,T,cdt,50.0,110.0,0.8,0.6076631698328917,0.3923368301671083,0.4375,1.0,0.0
opaque_00,0.5,0,formulas,S,T,T,cdt,50.0,110.0,0.8,0.5156199157230156,0.4843800842769844,0.0625,1.0,0.0
opaque_00,0.5,0,numeric_evs,S,T,T,cdt,50.0,110.0,0.8,0.0034296039240944865,0.9965703960759055,-5.671875,0.0,1.0
opaque_00,0.5,0,comparison,S,T,T,cdt,50.0,110.0,0.8,0.001980039959665187,0.9980199600403348,-6.22265625,0.0,1.0
opaque_00,0.5,0,full,S,T,T,cdt,50.0,110.0,0.8,3.763644718097441e-05,0.999962363552819,-10.1875,0.0,1.0
opaque_00,0.6,0,none,K,M,M,cdt,60.0,100.0,0.8,0.999999977137093,2.2862907012033418e-08,17.59375,1.0,0.0
opaque_00,0.6,0,variables,K,M,M,cdt,60.0,100.0,0.8,0.999998751729105,1.2482708949823618e-06,13.59375,1.0,0.0
opaque_00,0.6,0,formulas,K,M,M,cdt,60.0,100.0,0.8,0.9999991940553795,8.059446204855547e-07,14.03125,1.0,0.0
opaque_00,0.6,0,numeric_evs,K,M,M,cdt,60.0,100.0,0.8,0.9999970055590187,2.994440981285429e-06,12.71875,1.0,0.0
opaque_00,0.6,0,comparison,K,M,M,cdt,60.0,100.0,0.8,0.9990600561193372,0.0009399438806627636,6.96875,1.0,0.0
opaque_00,0.6,0,full,K,M,M,cdt,60.0,100.0,0.8,0.9324533088603709,0.06754669113962908,2.625,1.0,0.0
opaque_00,0.7,0,none,M,K,K,cdt,70.0,90.0,0.8,0.0005703157070783359,0.9994296842929217,-7.46875,0.0,1.0
opaque_00,0.7,0,variables,M,K,K,cdt,70.0,90.0,0.8,4.936988949458182e-06,0.9999950630110506,-12.21875,0.0,1.0
opaque_00,0.7,0,formulas,M,K,K,cdt,70.0,90.0,0.8,2.3320745258447814e-06,0.9999976679254742,-12.96875,0.0,1.0
opaque_00,0.7,0,numeric_evs,M,K,K,cdt,70.0,90.0,0.8,7.307424087422351e-09,0.9999999926925759,-18.734375,0.0,1.0
opaque_00,0.7,0,comparison,M,K,K,cdt,70.0,90.0,0.8,2.1940866052503023e-09,0.9999999978059134,-19.9375,0.0,1.0
opaque_00,0.7,0,full,M,K,K,cdt,70.0,90.0,0.8,2.805860609743037e-10,0.9999999997194139,-21.994140625,0.0,1.0
opaque_00,0.75,0,none,P,Q,Q,cdt,75.0,85.0,0.8,9.610241549947395e-05,0.9999038975845005,-9.25,0.0,1.0
opaque_00,0.75,0,variables,P,Q,Q,cdt,75.0,85.0,0.8,1.0467401685178159e-08,0.9999999895325983,-18.375,0.0,1.0
opaque_00,0.75,0,formulas,P,Q,Q,cdt,75.0,85.0,0.8,2.757792984024888e-08,0.9999999724220702,-17.40625,0.0,1.0
opaque_00,0.75,0,numeric_evs,P,Q,Q,cdt,75.0,85.0,0.8,3.341818072932254e-10,0.9999999996658182,-21.8193359375,0.0,1.0
opaque_00,0.75,0,comparison,P,Q,Q,cdt,75.0,85.0,0.8,6.199878982274125e-11,0.9999999999380013,-23.50390625,0.0,1.0
opaque_00,0.75,0,full,P,Q,Q,cdt,75.0,85.0,0.8,5.7563927674509255e-11,0.999999999942436,-23.578125,0.0,1.0
opaque_00,0.8,0,none,V,U,tie,tie,80.0,80.0,0.8,0.9990302480322174,,6.9375,1.0,
opaque_00,0.8,0,variables,V,U,tie,tie,80.0,80.0,0.8,0.991422514586288,,4.75,1.0,
opaque_00,0.8,0,formulas,V,U,tie,tie,80.0,80.0,0.8,0.9046505351008906,,2.25,1.0,
opaque_00,0.8,0,numeric_evs,V,U,tie,tie,80.0,80.0,0.8,0.9890130573694068,,4.5,1.0,
opaque_00,0.8,0,comparison,V,U,tie,tie,80.0,80.0,0.8,0.7772998611746911,,1.25,1.0,
opaque_00,0.8,0,full,V,U,tie,tie,80.0,80.0,0.8,0.6224593312018546,,0.5,1.0,
opaque_00,0.85,0,none,V,U,V,non_cdt,85.0,75.0,0.8,0.9999038975845005,0.9999038975845005,9.25,1.0,1.0
opaque_00,0.85,0,variables,V,U,V,non_cdt,85.0,75.0,0.8,0.999480695135505,0.999480695135505,7.5625,1.0,1.0
opaque_00,0.85,0,formulas,V,U,V,non_cdt,85.0,75.0,0.8,0.9933071490757153,0.9933071490757153,5.0,1.0,1.0
opaque_00,0.85,0,numeric_evs,V,U,V,non_cdt,85.0,75.0,0.8,0.999541687099365,0.999541687099365,7.6875,1.0,1.0
opaque_00,0.85,0,comparison,V,U,V,non_cdt,85.0,75.0,0.8,0.9999452402301955,0.9999452402301955,9.8125,1.0,1.0
opaque_00,0.85,0,full,V,U,V,non_cdt,85.0,75.0,0.8,0.9999452402301955,0.9999452402301955,9.8125,1.0,1.0
opaque_00,0.9,0,none,B,A,B,non_cdt,90.0,70.0,0.8,0.999704042886487,0.999704042886487,8.125,1.0,1.0
opaque_00,0.9,0,variables,B,A,B,non_cdt,90.0,70.0,0.8,0.9992206339069791,0.9992206339069791,7.15625,1.0,1.0
opaque_00,0.9,0,formulas,B,A,B,non_cdt,90.0,70.0,0.8,0.9978677383140173,0.9978677383140173,6.1484375,1.0,1.0
opaque_00,0.9,0,numeric_evs,B,A,B,non_cdt,90.0,70.0,0.8,0.9995761152580062,0.9995761152580062,7.765625,1.0,1.0
opaque_00,0.9,0,comparison,B,A,B,non_cdt,90.0,70.0,0.8,0.9999227780816594,0.9999227780816594,9.46875,1.0,1.0
opaque_00,0.9,0,full,B,A,B,non_cdt,90.0,70.0,0.8,0.9999877809239794,0.9999877809239794,11.3125,1.0,1.0
opaque_00,0.99,0,none,T,S,T,non_cdt,99.0,61.0,0.8,0.9804313244446876,0.9804313244446876,3.9140625,1.0,1.0
opaque_00,0.99,0,variables,T,S,T,non_cdt,99.0,61.0,0.8,0.6619228758499942,0.6619228758499942,0.671875,1.0,1.0
opaque_00,0.99,0,formulas,T,S,T,non_cdt,99.0,61.0,0.8,0.5698526514141571,0.5698526514141571,0.28125,1.0,1.0
opaque_00,0.99,0,numeric_evs,T,S,T,non_cdt,99.0,61.0,0.8,0.7401743620390163,0.7401743620390163,1.046875,1.0,1.0
opaque_00,0.99,0,comparison,T,S,T,non_cdt,99.0,61.0,0.8,0.9518632288833652,0.9518632288833652,2.984375,1.0,1.0
opaque_00,0.99,0,full,T,S,T,non_cdt,99.0,61.0,0.8,0.9909184090996705,0.9909184090996705,4.6923828125,1.0,1.0
opaque_01,0.5,0,none,L,J,J,cdt,50.0,110.0,0.8,1.3007128466476033e-05,0.9999869928715335,-11.25,0.0,1.0
opaque_01,0.5,0,variables,L,J,J,cdt,50.0,110.0,0.8,1.5870000804831628e-07,0.999999841299992,-15.65625,0.0,1.0
opaque_01,0.5,0,formulas,L,J,J,cdt,50.0,110.0,0.8,1.4449800373124837e-07,0.9999998555019962,-15.75,0.0,1.0
opaque_01,0.5,0,numeric_evs,L,J,J,cdt,50.0,110.0,0.8,2.206650885611789e-10,0.999999999779335,-22.234375,0.0,1.0
opaque_01,0.5,0,comparison,L,J,J,cdt,50.0,110.0,0.8,9.307120690588079e-11,0.9999999999069288,-23.09765625,0.0,1.0
opaque_01,0.5,0,full,L,J,J,cdt,50.0,110.0,0.8,7.776390409312623e-11,0.9999999999222361,-23.27734375,0.0,1.0
opaque_01,0.6,0,none,G,H,H,cdt,60.0,100.0,0.8,0.9999999706434466,2.9356553410408992e-08,17.34375,1.0,0.0
opaque_01,0.6,0,variables,G,H,H,cdt,60.0,100.0,0.8,0.9999657315094574,3.4268490542554986e-05,10.28125,1.0,0.0
opaque_01,0.6,0,formulas,G,H,H,cdt,60.0,100.0,0.8,0.9998686482029348,0.0001313517970652489,8.9375,1.0,0.0
opaque_01,0.6,0,numeric_evs,G,H,H,cdt,60.0,100.0,0.8,0.9867771782476948,0.013222821752305158,4.3125,1.0,0.0
opaque_01,0.6,0,comparison,G,H,H,cdt,60.0,100.0,0.8,0.42250463481418826,0.5774953651858117,-0.3125,0.0,1.0
opaque_01,0.6,0,full,G,H,H,cdt,60.0,100.0,0.8,0.1561048974454574,0.8438951025545426,-1.6875,0.0,1.0
opaque_01,0.7,0,none,V,U,U,cdt,70.0,90.0,0.8,0.9908743626108194,0.009125637389180596,4.6875,1.0,0.0
opaque_01,0.7,0,variables,V,U,U,cdt,70.0,90.0,0.8,0.2689414213699951,0.7310585786300049,-1.0,0.0,1.0
opaque_01,0.7,0,formulas,V,U,U,cdt,70.0,90.0,0.8,0.10669059394565118,0.8933094060543488,-2.125,0.0,1.0
opaque_01,0.7,0,numeric_evs,V,U,U,cdt,70.0,90.0,0.8,0.00011591934318633098,0.9998840806568137,-9.0625,0.0,1.0
opaque_01,0.7,0,comparison,V,U,U,cdt,70.0,90.0,0.8,0.00010889691002655443,0.9998911030899734,-9.125,0.0,1.0
opaque_01,0.7,0,full,V,U,U,cdt,70.0,90.0,0.8,1.473898197449493e-05,0.9999852610180255,-11.125,0.0,1.0
opaque_01,0.75,0,none,Y,X,X,cdt,75.0,85.0,0.8,0.9999999677581336,3.2241866398941e-08,17.25,1.0,0.0
opaque_01,0.75,0,variables,Y,X,X,cdt,75.0,85.0,0.8,0.9999996743687808,3.2563121921125315e-07,14.9375,1.0,0.0
opaque_01,0.75,0,formulas,Y,X,X,cdt,75.0,85.0,0.8,0.9999970976880148,2.9023119851867563e-06,12.75,1.0,0.0
opaque_01,0.75,0,numeric_evs,Y,X,X,cdt,75.0,85.0,0.8,0.9465966702001757,0.05340332979982432,2.875,1.0,0.0
opaque_01,0.75,0,comparison,Y,X,X,cdt,75.0,85.0,0.8,0.9956684979794361,0.004331502020563871,5.4375,1.0,0.0
opaque_01,0.75,0,full,Y,X,X,cdt,75.0,85.0,0.8,0.34864513533394575,0.6513548646660543,-0.625,0.0,1.0
opaque_01,0.8,0,none,Q,P,tie,tie,80.0,80.0,0.8,0.9999945777810301,,12.125,1.0,
opaque_01,0.8,0,variables,Q,P,tie,tie,80.0,80.0,0.8,0.9999203269901391,,9.4375,1.0,
opaque_01,0.8,0,formulas,Q,P,tie,tie,80.0,80.0,0.8,0.9998840806568136,,9.0625,1.0,
opaque_01,0.8,0,numeric_evs,Q,P,tie,tie,80.0,80.0,0.8,0.9998601779243528,,8.875,1.0,
opaque_01,0.8,0,comparison,Q,P,tie,tie,80.0,80.0,0.8,0.9995955185021579,,7.8125,1.0,
opaque_01,0.8,0,full,Q,P,tie,tie,80.0,80.0,0.8,0.9964063974185798,,5.625,1.0,
opaque_01,0.85,0,none,B,A,B,non_cdt,85.0,75.0,0.8,0.9997965730219448,0.9997965730219448,8.5,1.0,1.0
opaque_01,0.85,0,variables,B,A,B,non_cdt,85.0,75.0,0.8,0.9958660319095476,0.9958660319095476,5.484375,1.0,1.0
opaque_01,0.85,0,formulas,B,A,B,non_cdt,85.0,75.0,0.8,0.9744347860767304,0.9744347860767304,3.640625,1.0,1.0
opaque_01,0.85,0,numeric_evs,B,A,B,non_cdt,85.0,75.0,0.8,0.9988752425768442,0.9988752425768442,6.7890625,1.0,1.0
opaque_01,0.85,0,comparison,B,A,B,non_cdt,85.0,75.0,0.8,0.9991030606763281,0.9991030606763281,7.015625,1.0,1.0
opaque_01,0.85,0,full,B,A,B,non_cdt,85.0,75.0,0.8,0.999988521231873,0.999988521231873,11.375,1.0,1.0
opaque_01,0.9,0,none,A,B,A,non_cdt,90.0,70.0,0.8,0.31742626558767584,0.31742626558767584,-0.765625,0.0,0.0
opaque_01,0.9,0,variables,A,B,A,non_cdt,90.0,70.0,0.8,0.02696349986233355,0.02696349986233355,-3.5859375,0.0,0.0
opaque_01,0.9,0,formulas,A,B,A,non_cdt,90.0,70.0,0.8,0.01596765348879602,0.01596765348879602,-4.12109375,0.0,0.0
opaque_01,0.9,0,numeric_evs,A,B,A,non_cdt,90.0,70.0,0.8,0.02333076880848049,0.02333076880848049,-3.734375,0.0,0.0
opaque_01,0.9,0,comparison,A,B,A,non_cdt,90.0,70.0,0.8,0.05108273695705249,0.05108273695705249,-2.921875,0.0,0.0
opaque_01,0.9,0,full,A,B,A,non_cdt,90.0,70.0,0.8,0.1561048974454574,0.1561048974454574,-1.6875,0.0,0.0
opaque_01,0.99,0,none,T,S,T,non_cdt,99.0,61.0,0.8,0.9637799441350253,0.9637799441350253,3.28125,1.0,1.0
opaque_01,0.99,0,variables,T,S,T,non_cdt,99.0,61.0,0.8,0.06278920859705135,0.06278920859705135,-2.703125,0.0,0.0
opaque_01,0.99,0,formulas,T,S,T,non_cdt,99.0,61.0,0.8,0.12085323249047067,0.12085323249047067,-1.984375,0.0,0.0
opaque_01,0.99,0,numeric_evs,T,S,T,non_cdt,99.0,61.0,0.8,0.10970577387797074,0.10970577387797074,-2.09375,0.0,0.0
opaque_01,0.99,0,comparison,T,S,T,non_cdt,99.0,61.0,0.8,0.5312093733737563,0.5312093733737563,0.125,1.0,1.0
opaque_01,0.99,0,full,T,S,T,non_cdt,99.0,61.0,0.8,0.9962782913492785,0.9962782913492785,5.58984375,1.0,1.0
opaque_02,0.5,0,none,P,Q,Q,cdt,50.0,110.0,0.8,2.3552618543037957e-05,0.999976447381457,-10.65625,0.0,1.0
opaque_02,0.5,0,variables,P,Q,Q,cdt,50.0,110.0,0.8,1.6726860161019203e-08,0.9999999832731399,-17.90625,0.0,1.0
opaque_02,0.5,0,formulas,P,Q,Q,cdt,50.0,110.0,0.8,8.025635283379342e-09,0.9999999919743647,-18.640625,0.0,1.0
opaque_02,0.5,0,numeric_evs,P,Q,Q,cdt,50.0,110.0,0.8,3.7166065079206766e-11,0.999999999962834,-24.015625,0.0,1.0
opaque_02,0.5,0,comparison,P,Q,Q,cdt,50.0,110.0,0.8,6.358364027751514e-12,0.9999999999936416,-25.78125,0.0,1.0
opaque_02,0.5,0,full,P,Q,Q,cdt,50.0,110.0,0.8,3.6228866164096572e-12,0.9999999999963771,-26.34375,0.0,1.0
opaque_02,0.6,0,none,G,H,H,cdt,60.0,100.0,0.8,0.9999998764043052,1.2359569478981314e-07,15.90625,1.0,0.0
opaque_02,0.6,0,variables,G,H,H,cdt,60.0,100.0,0.8,0.9845754479181588,0.015424552081841236,4.15625,1.0,0.0
opaque_02,0.6,0,formulas,G,H,H,cdt,60.0,100.0,0.8,0.9840936082881853,0.015906391711814738,4.125,1.0,0.0
opaque_02,0.6,0,numeric_evs,G,H,H,cdt,60.0,100.0,0.8,0.9830850867332734,0.01691491326672656,4.0625,1.0,0.0
opaque_02,0.6,0,comparison,G,H,H,cdt,60.0,100.0,0.8,0.7826624789529376,0.2173375210470624,1.28125,1.0,0.0
opaque_02,0.6,0,full,G,H,H,cdt,60.0,100.0,0.8,0.1968262036430985,0.8031737963569014,-1.40625,0.0,1.0
opaque_02,0.7,0,none,M,K,K,cdt,70.0,90.0,0.8,0.0002034269780552065,0.9997965730219448,-8.5,0.0,1.0
opaque_02,0.7,0,variables,M,K,K,cdt,70.0,90.0,0.8,7.979938176715761e-08,0.9999999202006182,-16.34375,0.0,1.0
opaque_02,0.7,0,formulas,M,K,K,cdt,70.0,90.0,0.8,1.6990269875929772e-08,0.9999999830097301,-17.890625,0.0,1.0
opaque_02,0.7,0,numeric_evs,M,K,K,cdt,70.0,90.0,0.8,3.2043933965753703e-10,0.9999999996795607,-21.861328125,0.0,1.0
opaque_02,0.7,0,comparison,M,K,K,cdt,70.0,90.0,0.8,2.5946094982091465e-11,0.9999999999740539,-24.375,0.0,1.0
opaque_02,0.7,0,full,M,K,K,cdt,70.0,90.0,0.8,2.6769712448096372e-11,0.9999999999732303,-24.34375,0.0,1.0
opaque_02,0.75,0,none,H,G,G,cdt,75.0,85.0,0.8,0.0013670256456563563,0.9986329743543436,-6.59375,0.0,1.0
opaque_02,0.75,0,variables,H,G,G,cdt,75.0,85.0,0.8,1.602810987828144e-06,0.9999983971890122,-13.34375,0.0,1.0
opaque_02,0.75,0,formulas,H,G,G,cdt,75.0,85.0,0.8,1.6373768624904696e-07,0.9999998362623137,-15.625,0.0,1.0
opaque_02,0.75,0,numeric_evs,H,G,G,cdt,75.0,85.0,0.8,3.6744035981306276e-09,0.9999999963255964,-19.421875,0.0,1.0
opaque_02,0.75,0,comparison,H,G,G,cdt,75.0,85.0,0.8,7.349269563756212e-10,0.999999999265073,-21.03125,0.0,1.0
opaque_02,0.75,0,full,H,G,G,cdt,75.0,85.0,0.8,1.1075740531392908e-09,0.999999998892426,-20.62109375,0.0,1.0
opaque_02,0.8,0,none,L,J,tie,tie,80.0,80.0,0.8,2.4300240743279598e-05,,-10.625,0.0,
opaque_02,0.8,0,variables,L,J,tie,tie,80.0,80.0,0.8,8.677780804233222e-09,,-18.5625,0.0,
opaque_02,0.8,0,formulas,L,J,tie,tie,80.0,80.0,0.8,4.916297442166811e-08,,-16.828125,0.0,
opaque_02,0.8,0,numeric_evs,L,J,tie,tie,80.0,80.0,0.8,9.777224459584925e-08,,-16.140625,0.0,
opaque_02,0.8,0,comparison,L,J,tie,tie,80.0,80.0,0.8,3.769456046333922e-08,,-17.09375,0.0,
opaque_02,0.8,0,full,L,J,tie,tie,80.0,80.0,0.8,1.1430733279032195e-07,,-15.984375,0.0,
opaque_02,0.85,0,none,A,B,A,non_cdt,85.0,75.0,0.8,0.9704646607088951,0.9704646607088951,3.4921875,1.0,1.0
opaque_02,0.85,0,variables,A,B,A,non_cdt,85.0,75.0,0.8,0.025662705546089896,0.025662705546089896,-3.63671875,0.0,0.0
opaque_02,0.85,0,formulas,A,B,A,non_cdt,85.0,75.0,0.8,0.014538516655568072,0.014538516655568072,-4.21630859375,0.0,0.0
opaque_02,0.85,0,numeric_evs,A,B,A,non_cdt,85.0,75.0,0.8,0.7634837635542924,0.7634837635542924,1.171875,1.0,1.0
opaque_02,0.85,0,comparison,A,B,A,non_cdt,85.0,75.0,0.8,0.04813677111663481,0.04813677111663481,-2.984375,0.0,0.0
opaque_02,0.85,0,full,A,B,A,non_cdt,85.0,75.0,0.8,0.9981897889737974,0.9981897889737974,6.3125,1.0,1.0
opaque_02,0.9,0,none,Y,X,Y,non_cdt,90.0,70.0,0.8,0.9999999992053545,0.9999999992053545,20.953125,1.0,1.0
opaque_02,0.9,0,variables,Y,X,Y,non_cdt,90.0,70.0,0.8,0.9999678076655029,0.9999678076655029,10.34375,1.0,1.0
opaque_02,0.9,0,formulas,Y,X,Y,non_cdt,90.0,70.0,0.8,0.9998313472460109,0.9998313472460109,8.6875,1.0,1.0
opaque_02,0.9,0,numeric_evs,Y,X,Y,non_cdt,90.0,70.0,0.8,0.9999978092184174,0.9999978092184174,13.03125,1.0,1.0
opaque_02,0.9,0,comparison,Y,X,Y,non_cdt,90.0,70.0,0.8,0.9999983971890123,0.9999983971890123,13.34375,1.0,1.0
opaque_02,0.9,0,full,Y,X,Y,non_cdt,90.0,70.0,0.8,0.999999999968703,0.999999999968703,24.1875,1.0,1.0
opaque_02,0.99,0,none,M,K,M,non_cdt,99.0,61.0,0.8,0.0007554056327295276,0.0007554056327295276,-7.1875,0.0,0.0
opaque_02,0.99,0,variables,M,K,M,non_cdt,99.0,61.0,0.8,1.1979305557162662e-07,1.1979305557162662e-07,-15.9375,0.0,0.0
opaque_02,0.99,0,formulas,M,K,M,non_cdt,99.0,61.0,0.8,2.9356553451156157e-08,2.9356553451156157e-08,-17.34375,0.0,0.0
opaque_02,0.99,0,numeric_evs,M,K,M,non_cdt,99.0,61.0,0.8,1.955568070542584e-08,1.955568070542584e-08,-17.75,0.0,0.0
opaque_02,0.99,0,comparison,M,K,M,non_cdt,99.0,61.0,0.8,5.896418079129242e-07,5.896418079129242e-07,-14.34375,0.0,0.0
opaque_02,0.99,0,full,M,K,M,non_cdt,99.0,61.0,0.8,0.0002034269780552065,0.0002034269780552065,-8.5,0.0,0.0
opaque_03,0.5,0,none,V,U,U,cdt,50.0,110.0,0.8,0.46879062662624377,0.5312093733737562,-0.125,0.0,1.0
opaque_03,0.5,0,variables,V,U,U,cdt,50.0,110.0,0.8,0.0953494648991095,0.9046505351008904,-2.25,0.0,1.0
opaque_03,0.5,0,formulas,V,U,U,cdt,50.0,110.0,0.8,0.0675466911396291,0.9324533088603709,-2.625,0.0,1.0
opaque_03,0.5,0,numeric_evs,V,U,U,cdt,50.0,110.0,0.8,0.00010229985472581484,0.9998977001452742,-9.1875,0.0,1.0
opaque_03,0.5,0,comparison,V,U,U,cdt,50.0,110.0,0.8,1.473898197449493e-05,0.9999852610180255,-11.125,0.0,1.0
opaque_03,0.5,0,full,V,U,U,cdt,50.0,110.0,0.8,2.144494842091395e-05,0.9999785550515791,-10.75,0.0,1.0
opaque_03,0.6,0,none,Y,X,X,cdt,60.0,100.0,0.8,0.9999999724220702,2.7577929828659364e-08,17.40625,1.0,0.0
opaque_03,0.6,0,variables,Y,X,X,cdt,60.0,100.0,0.8,0.999988521231873,1.1478768127015648e-05,11.375,1.0,0.0
opaque_03,0.6,0,formulas,Y,X,X,cdt,60.0,100.0,0.8,0.9999785550515792,2.144494842082345e-05,10.75,1.0,0.0
opaque_03,0.6,0,numeric_evs,Y,X,X,cdt,60.0,100.0,0.8,0.9997388096809043,0.00026119031909566104,8.25,1.0,0.0
opaque_03,0.6,0,comparison,Y,X,X,cdt,60.0,100.0,0.8,0.9902915235185259,0.009708476481474104,4.625,1.0,0.0
opaque_03,0.6,0,full,Y,X,X,cdt,60.0,100.0,0.8,0.9867771782476948,0.013222821752305158,4.3125,1.0,0.0
opaque_03,0.7,0,none,T,S,S,cdt,70.0,90.0,0.8,0.600188359260205,0.399811640739795,0.40625,1.0,0.0
opaque_03,0.7,0,variables,T,S,S,cdt,70.0,90.0,0.8,0.05500528829345415,0.9449947117065458,-2.84375,0.0,1.0
opaque_03,0.7,0,formulas,T,S,S,cdt,70.0,90.0,0.8,0.06278920859705135,0.9372107914029486,-2.703125,0.0,1.0
opaque_03,0.7,0,numeric_evs,T,S,S,cdt,70.0,90.0,0.8,0.0016408663967069793,0.998359133603293,-6.410888671875,0.0,1.0
opaque_03,0.7,0,comparison,T,S,S,cdt,70.0,90.0,0.8,0.0003920417892376281,0.9996079582107624,-7.84375,0.0,1.0
opaque_03,0.7,0,full,T,S,S,cdt,70.0,90.0,0.8,0.00020662982488383407,0.9997933701751162,-8.484375,0.0,1.0
opaque_03,0.75,0,none,A,B,B,cdt,75.0,85.0,0.8,0.6370307944803831,0.36296920551961687,0.5625,1.0,0.0
opaque_03,0.75,0,variables,A,B,B,cdt,75.0,85.0,0.8,0.037326887344129464,0.9626731126558705,-3.25,0.0,1.0
opaque_03,0.75,0,formulas,A,B,B,cdt,75.0,85.0,0.8,0.029312230751356316,0.9706877692486436,-3.5,0.0,1.0
opaque_03,0.75,0,numeric_evs,A,B,B,cdt,75.0,85.0,0.8,3.763644718097441e-05,0.999962363552819,-10.1875,0.0,1.0
opaque_03,0.75,0,comparison,A,B,B,cdt,75.0,85.0,0.8,5.6497933283762946e-05,0.9999435020667162,-9.78125,0.0,1.0
opaque_03,0.75,0,full,A,B,B,cdt,75.0,85.0,0.8,1.2878952156558145e-06,0.9999987121047843,-13.5625,0.0,1.0
opaque_03,0.8,0,none,J,L,tie,tie,80.0,80.0,0.8,0.9999995549149481,,14.625,1.0,
opaque_03,0.8,0,variables,J,L,tie,tie,80.0,80.0,0.8,0.9999417087343389,,9.75,1.0,
opaque_03,0.8,0,formulas,J,L,tie,tie,80.0,80.0,0.8,0.9999227780816594,,9.46875,1.0,
opaque_03,0.8,0,numeric_evs,J,L,tie,tie,80.0,80.0,0.8,0.9999296881573309,,9.5625,1.0,
opaque_03,0.8,0,comparison,J,L,tie,tie,80.0,80.0,0.8,0.9999452402301955,,9.8125,1.0,
opaque_03,0.8,0,full,J,L,tie,tie,80.0,80.0,0.8,0.9998028305780378,,8.53125,1.0,
opaque_03,0.85,0,none,H,G,H,non_cdt,85.0,75.0,0.8,2.5071593847983193e-05,2.5071593847983193e-05,-10.59375,0.0,0.0
opaque_03,0.85,0,variables,H,G,H,non_cdt,85.0,75.0,0.8,8.494599927902555e-08,8.494599927902555e-08,-16.28125,0.0,0.0
opaque_03,0.85,0,formulas,H,G,H,non_cdt,85.0,75.0,0.8,5.233371368984958e-08,5.233371368984958e-08,-16.765625,0.0,0.0
opaque_03,0.85,0,numeric_evs,H,G,H,non_cdt,85.0,75.0,0.8,2.1024334103591293e-07,2.1024334103591293e-07,-15.375,0.0,0.0
opaque_03,0.85,0,comparison,H,G,H,non_cdt,85.0,75.0,0.8,1.2606946239951314e-05,1.2606946239951314e-05,-11.28125,0.0,0.0
opaque_03,0.85,0,full,H,G,H,non_cdt,85.0,75.0,0.8,0.07585818002124356,0.07585818002124356,-2.5,0.0,0.0
opaque_03,0.9,0,none,J,L,J,non_cdt,90.0,70.0,0.8,0.9999997830828204,0.9999997830828204,15.34375,1.0,1.0
opaque_03,0.9,0,variables,J,L,J,non_cdt,90.0,70.0,0.8,0.9999932519484098,0.9999932519484098,11.90625,1.0,1.0
opaque_03,0.9,0,formulas,J,L,J,non_cdt,90.0,70.0,0.8,0.9999907765298898,0.9999907765298898,11.59375,1.0,1.0
opaque_03,0.9,0,numeric_evs,J,L,J,non_cdt,90.0,70.0,0.8,0.9999970976880148,0.9999970976880148,12.75,1.0,1.0
opaque_03,0.9,0,comparison,J,L,J,non_cdt,90.0,70.0,0.8,0.9999999559305942,0.9999999559305942,16.9375,1.0,1.0
opaque_03,0.9,0,full,J,L,J,non_cdt,90.0,70.0,0.8,0.9999999999927951,0.9999999999927951,25.65625,1.0,1.0
opaque_03,0.99,0,none,P,Q,P,non_cdt,99.0,61.0,0.8,7.571149413053982e-07,7.571149413053982e-07,-14.09375,0.0,0.0
opaque_03,0.99,0,variables,P,Q,P,non_cdt,99.0,61.0,0.8,2.730584896949298e-09,2.730584896949298e-09,-19.71875,0.0,0.0
opaque_03,0.99,0,formulas,P,Q,P,non_cdt,99.0,61.0,0.8,9.094236196521733e-09,9.094236196521733e-09,-18.515625,0.0,0.0
opaque_03,0.99,0,numeric_evs,P,Q,P,non_cdt,99.0,61.0,0.8,6.448779128559501e-09,6.448779128559501e-09,-18.859375,0.0,0.0
opaque_03,0.99,0,comparison,P,Q,P,non_cdt,99.0,61.0,0.8,1.2359569488020953e-07,1.2359569488020953e-07,-15.90625,0.0,0.0
opaque_03,0.99,0,full,P,Q,P,non_cdt,99.0,61.0,0.8,0.00019110431587777675,0.00019110431587777675,-8.5625,0.0,0.0
opaque_04,0.5,0,none,Y,X,X,cdt,50.0,110.0,0.8,0.9999999801363622,1.986363784567402e-08,17.734375,1.0,0.0
opaque_04,0.5,0,variables,Y,X,X,cdt,50.0,110.0,0.8,0.9999979419508905,2.0580491094657205e-06,13.09375,1.0,0.0
opaque_04,0.5,0,formulas,Y,X,X,cdt,50.0,110.0,0.8,0.9999978766215375,2.1233784625040997e-06,13.0625,1.0,0.0
opaque_04,0.5,0,numeric_evs,Y,X,X,cdt,50.0,110.0,0.8,0.9814534354878828,0.018546564512117225,3.96875,1.0,0.0
opaque_04,0.5,0,comparison,Y,X,X,cdt,50.0,110.0,0.8,0.9984021545059827,0.0015978454940173137,6.4375,1.0,0.0
opaque_04,0.5,0,full,Y,X,X,cdt,50.0,110.0,0.8,0.8479677583778257,0.15203224162217432,1.71875,1.0,0.0
opaque_04,0.6,0,none,L,J,J,cdt,60.0,100.0,0.8,1.1478768127080351e-05,0.9999885212318729,-11.375,0.0,1.0
opaque_04,0.6,0,variables,L,J,J,cdt,60.0,100.0,0.8,1.9333584585546463e-06,0.9999980666415414,-13.15625,0.0,1.0
opaque_04,0.6,0,formulas,L,J,J,cdt,60.0,100.0,0.8,1.0348531401872452e-06,0.9999989651468598,-13.78125,0.0,1.0
opaque_04,0.6,0,numeric_evs,L,J,J,cdt,60.0,100.0,0.8,1.49084862062665e-07,0.999999850915138,-15.71875,0.0,1.0
opaque_04,0.6,0,comparison,L,J,J,cdt,60.0,100.0,0.8,3.581747929000289e-10,0.9999999996418252,-21.75,0.0,1.0
opaque_04,0.6,0,full,L,J,J,cdt,60.0,100.0,0.8,7.067723468328142e-10,0.9999999992932277,-21.0703125,0.0,1.0
opaque_04,0.7,0,none,Y,X,X,cdt,70.0,90.0,0.8,0.9999999830097303,1.6990269746663955e-08,17.890625,1.0,0.0
opaque_04,0.7,0,variables,Y,X,X,cdt,70.0,90.0,0.8,0.9999953621267027,4.637873297297368e-06,12.28125,1.0,0.0
opaque_04,0.7,0,formulas,Y,X,X,cdt,70.0,90.0,0.8,0.9999980666415416,1.933358458439116e-06,13.15625,1.0,0.0
opaque_04,0.7,0,numeric_evs,Y,X,X,cdt,70.0,90.0,0.8,0.9883127420043056,0.011687257995694367,4.4375,1.0,0.0
opaque_04,0.7,0,comparison,Y,X,X,cdt,70.0,90.0,0.8,0.9980732653366725,0.0019267346633274895,6.25,1.0,0.0
opaque_04,0.7,0,full,Y,X,X,cdt,70.0,90.0,0.8,0.679178699175393,0.320821300824607,0.75,1.0,0.0
opaque_04,0.75,0,none,X,Y,Y,cdt,75.0,85.0,0.8,3.321419494792514e-05,0.999966785805052,-10.3125,0.0,1.0
opaque_04,0.75,0,variables,X,Y,Y,cdt,75.0,85.0,0.8,2.4579935944974304e-07,0.9999997542006406,-15.21875,0.0,1.0
opaque_04,0.75,0,formulas,X,Y,Y,cdt,75.0,85.0,0.8,1.9750534345450816e-07,0.9999998024946566,-15.4375,0.0,1.0
opaque_04,0.75,0,numeric_evs,X,Y,Y,cdt,75.0,85.0,0.8,5.711596163538894e-11,0.999999999942884,-23.5859375,0.0,1.0
opaque_04,0.75,0,comparison,X,Y,Y,cdt,75.0,85.0,0.8,2.3624188318599646e-11,0.9999999999763758,-24.46875,0.0,1.0
opaque_04,0.75,0,full,X,Y,Y,cdt,75.0,85.0,0.8,4.235583571622557e-12,0.9999999999957644,-26.1875,0.0,1.0
opaque_04,0.8,0,none,L,J,tie,tie,80.0,80.0,0.8,1.4285517650093405e-05,,-11.15625,0.0,
opaque_04,0.8,0,variables,L,J,tie,tie,80.0,80.0,0.8,1.5534977545950118e-06,,-13.375,0.0,
opaque_04,0.8,0,formulas,L,J,tie,tie,80.0,80.0,0.8,6.8936104552113e-07,,-14.1875,0.0,
opaque_04,0.8,0,numeric_evs,L,J,tie,tie,80.0,80.0,0.8,2.5612822107586734e-06,,-12.875,0.0,
opaque_04,0.8,0,comparison,L,J,tie,tie,80.0,80.0,0.8,2.8736855324366057e-07,,-15.0625,0.0,
opaque_04,0.8,0,full,L,J,tie,tie,80.0,80.0,0.8,4.888302773361011e-07,,-14.53125,0.0,
opaque_04,0.85,0,none,V,U,V,non_cdt,85.0,75.0,0.8,0.9626731126558706,0.9626731126558706,3.25,1.0,1.0
opaque_04,0.85,0,variables,V,U,V,non_cdt,85.0,75.0,0.8,0.6513548646660542,0.6513548646660542,0.625,1.0,1.0
opaque_04,0.85,0,formulas,V,U,V,non_cdt,85.0,75.0,0.8,0.1480471980316895,0.1480471980316895,-1.75,0.0,0.0
opaque_04,0.85,0,numeric_evs,V,U,V,non_cdt,85.0,75.0,0.8,0.4378234991142019,0.4378234991142019,-0.25,0.0,0.0
opaque_04,0.85,0,comparison,V,U,V,non_cdt,85.0,75.0,0.8,0.9996849613059188,0.9996849613059188,8.0625,1.0,1.0
opaque_04,0.85,0,full,V,U,V,non_cdt,85.0,75.0,0.8,0.999996033014085,0.999996033014085,12.4375,1.0,1.0
opaque_04,0.9,0,none,L,J,L,non_cdt,90.0,70.0,0.8,1.3007128466476033e-05,1.3007128466476033e-05,-11.25,0.0,0.0
opaque_04,0.9,0,variables,L,J,L,non_cdt,90.0,70.0,0.8,1.5057017254045332e-06,1.5057017254045332e-06,-13.40625,0.0,0.0
opaque_04,0.9,0,formulas,L,J,L,non_cdt,90.0,70.0,0.8,6.681516500435411e-07,6.681516500435411e-07,-14.21875,0.0,0.0
opaque_04,0.9,0,numeric_evs,L,J,L,non_cdt,90.0,70.0,0.8,1.414475998582591e-06,1.414475998582591e-06,-13.46875,0.0,0.0
opaque_04,0.9,0,comparison,L,J,L,non_cdt,90.0,70.0,0.8,0.00010229985472581484,0.00010229985472581484,-9.1875,0.0,0.0
opaque_04,0.9,0,full,L,J,L,non_cdt,90.0,70.0,0.8,0.002800926967120973,0.002800926967120973,-5.875,0.0,0.0
opaque_04,0.99,0,none,U,V,U,non_cdt,99.0,61.0,0.8,0.9908743626108194,0.9908743626108194,4.6875,1.0,1.0
opaque_04,0.99,0,variables,U,V,U,non_cdt,99.0,61.0,0.8,0.0446808702726502,0.0446808702726502,-3.0625,0.0,0.0
opaque_04,0.99,0,formulas,U,V,U,non_cdt,99.0,61.0,0.8,0.021615332762647654,0.021615332762647654,-3.8125,0.0,0.0
opaque_04,0.99,0,numeric_evs,U,V,U,non_cdt,99.0,61.0,0.8,0.00263167397488458,0.00263167397488458,-5.9375,0.0,0.0
opaque_04,0.99,0,comparison,U,V,U,non_cdt,99.0,61.0,0.8,0.9961755163553627,0.9961755163553627,5.5625,1.0,1.0
opaque_04,0.99,0,full,U,V,U,non_cdt,99.0,61.0,0.8,0.9999379495039771,0.9999379495039771,9.6875,1.0,1.0
opaque_05,0.5,0,none,G,H,H,cdt,50.0,110.0,0.8,0.9999998599477319,1.400522681160865e-07,15.78125,1.0,0.0
opaque_05,0.5,0,variables,G,H,H,cdt,50.0,110.0,0.8,0.998451238905712,0.0015487610942880314,6.46875,1.0,0.0
opaque_05,0.5,0,formulas,G,H,H,cdt,50.0,110.0,0.8,0.997603269129871,0.002396730870129038,6.03125,1.0,0.0
opaque_05,0.5,0,numeric_evs,G,H,H,cdt,50.0,110.0,0.8,0.658417500561683,0.341582499438317,0.65625,1.0,0.0
opaque_05,0.5,0,comparison,G,H,H,cdt,50.0,110.0,0.8,0.9284088005554476,0.07159119944455239,2.5625,1.0,0.0
opaque_05,0.5,0,full,G,H,H,cdt,50.0,110.0,0.8,0.07369626970604846,0.9263037302939515,-2.53125,0.0,1.0
opaque_05,0.6,0,none,Y,X,X,cdt,60.0,100.0,0.8,0.9999999559305942,4.406940579126939e-08,16.9375,1.0,0.0
opaque_05,0.6,0,variables,Y,X,X,cdt,60.0,100.0,0.8,0.9999124970023934,8.75029976066255e-05,9.34375,1.0,0.0
opaque_05,0.6,0,formulas,Y,X,X,cdt,60.0,100.0,0.8,0.9999623635528191,3.763644718091097e-05,10.1875,1.0,0.0
opaque_05,0.6,0,numeric_evs,Y,X,X,cdt,60.0,100.0,0.8,0.9997621779493597,0.0002378220506402684,8.34375,1.0,0.0
opaque_05,0.6,0,comparison,Y,X,X,cdt,60.0,100.0,0.8,0.9976768374773688,0.002323162522631206,6.0625,1.0,0.0
opaque_05,0.6,0,full,Y,X,X,cdt,60.0,100.0,0.8,0.9808759632491112,0.019124036750888807,3.9375,1.0,0.0
opaque_05,0.7,0,none,L,J,J,cdt,70.0,90.0,0.8,1.8342893327886848e-05,0.9999816571066721,-10.90625,0.0,1.0
opaque_05,0.7,0,variables,L,J,J,cdt,70.0,90.0,0.8,1.4449800373124837e-07,0.9999998555019962,-15.75,0.0,1.0
opaque_05,0.7,0,formulas,L,J,J,cdt,70.0,90.0,0.8,2.9356553451156157e-08,0.9999999706434466,-17.34375,0.0,1.0
opaque_05,0.7,0,numeric_evs,L,J,J,cdt,70.0,90.0,0.8,6.140544563355071e-10,0.9999999993859455,-21.2109375,0.0,1.0
opaque_05,0.7,0,comparison,L,J,J,cdt,70.0,90.0,0.8,1.3125143907561945e-10,0.9999999998687485,-22.75390625,0.0,1.0
opaque_05,0.7,0,full,L,J,J,cdt,70.0,90.0,0.8,8.375502055592042e-11,0.999999999916245,-23.203125,0.0,1.0
opaque_05,0.75,0,none,T,S,S,cdt,75.0,85.0,0.8,0.9728307684643189,0.02716923153568107,3.578125,1.0,0.0
opaque_05,0.75,0,variables,T,S,S,cdt,75.0,85.0,0.8,0.027169231535681047,0.9728307684643189,-3.578125,0.0,1.0
opaque_05,0.75,0,formulas,T,S,S,cdt,75.0,85.0,0.8,0.02297736991002561,0.9770226300899744,-3.75,0.0,1.0
opaque_05,0.75,0,numeric_evs,T,S,S,cdt,75.0,85.0,0.8,0.0003799845147518645,0.9996200154852481,-7.875,0.0,1.0
opaque_05,0.75,0,comparison,T,S,S,cdt,75.0,85.0,0.8,0.0003275842978596865,0.9996724157021403,-8.0234375,0.0,1.0
opaque_05,0.75,0,full,T,S,S,cdt,75.0,85.0,0.8,9.915273115920184e-05,0.9999008472688408,-9.21875,0.0,1.0
opaque_05,0.8,0,none,K,M,tie,tie,80.0,80.0,0.8,0.9999996423640822,,14.84375,1.0,
opaque_05,0.8,0,variables,K,M,tie,tie,80.0,80.0,0.8,0.9995955185021579,,7.8125,1.0,
opaque_05,0.8,0,formulas,K,M,tie,tie,80.0,80.0,0.8,0.9998686482029348,,8.9375,1.0,
opaque_05,0.8,0,numeric_evs,K,M,tie,tie,80.0,80.0,0.8,0.9998204720306533,,8.625,1.0,
opaque_05,0.8,0,comparison,K,M,tie,tie,80.0,80.0,0.8,0.9997219690361224,,8.1875,1.0,
opaque_05,0.8,0,full,K,M,tie,tie,80.0,80.0,0.8,0.9997546305194572,,8.3125,1.0,
opaque_05,0.85,0,none,K,M,K,non_cdt,85.0,75.0,0.8,0.9999996072137998,0.9999996072137998,14.75,1.0,1.0
opaque_05,0.85,0,variables,K,M,K,non_cdt,85.0,75.0,0.8,0.9993537967092804,0.9993537967092804,7.34375,1.0,1.0
opaque_05,0.85,0,formulas,K,M,K,non_cdt,85.0,75.0,0.8,0.9997765836398173,0.9997765836398173,8.40625,1.0,1.0
opaque_05,0.85,0,numeric_evs,K,M,K,non_cdt,85.0,75.0,0.8,0.9999895484519483,0.9999895484519483,11.46875,1.0,1.0
opaque_05,0.85,0,comparison,K,M,K,non_cdt,85.0,75.0,0.8,0.999979854309147,0.999979854309147,10.8125,1.0,1.0
opaque_05,0.85,0,full,K,M,K,non_cdt,85.0,75.0,0.8,0.9999999728496264,0.9999999728496264,17.421875,1.0,1.0
opaque_05,0.9,0,none,H,G,H,non_cdt,90.0,70.0,0.8,0.0008295891883591028,0.0008295891883591028,-7.09375,0.0,0.0
opaque_05,0.9,0,variables,H,G,H,non_cdt,90.0,70.0,0.8,5.368750039367666e-07,5.368750039367666e-07,-14.4375,0.0,0.0
opaque_05,0.9,0,formulas,H,G,H,non_cdt,90.0,70.0,0.8,4.6911638017642294e-08,4.6911638017642294e-08,-16.875,0.0,0.0
opaque_05,0.9,0,numeric_evs,H,G,H,non_cdt,90.0,70.0,0.8,1.742978578875259e-07,1.742978578875259e-07,-15.5625,0.0,0.0
opaque_05,0.9,0,comparison,H,G,H,non_cdt,90.0,70.0,0.8,2.4061023397180246e-06,2.4061023397180246e-06,-12.9375,0.0,0.0
opaque_05,0.9,0,full,H,G,H,non_cdt,90.0,70.0,0.8,0.006903838071221877,0.006903838071221877,-4.96875,0.0,0.0
opaque_05,0.99,0,none,K,M,K,non_cdt,99.0,61.0,0.8,0.9999999989554582,0.9999999989554582,20.6796875,1.0,1.0
opaque_05,0.99,0,variables,K,M,K,non_cdt,99.0,61.0,0.8,0.999989216687777,0.999989216687777,11.4375,1.0,1.0
opaque_05,0.99,0,formulas,K,M,K,non_cdt,99.0,61.0,0.8,0.9999877809239794,0.9999877809239794,11.3125,1.0,1.0
opaque_05,0.99,0,numeric_evs,K,M,K,non_cdt,99.0,61.0,0.8,0.999996910505552,0.999996910505552,12.6875,1.0,1.0
opaque_05,0.99,0,comparison,K,M,K,non_cdt,99.0,61.0,0.8,0.9999997962251652,0.9999997962251652,15.40625,1.0,1.0
opaque_05,0.99,0,full,K,M,K,non_cdt,99.0,61.0,0.8,0.9999999975902674,0.9999999975902674,19.84375,1.0,1.0
opaque_06,0.5,0,none,X,Y,Y,cdt,50.0,110.0,0.8,0.00013982207564732912,0.9998601779243527,-8.875,0.0,1.0
opaque_06,0.5,0,variables,X,Y,Y,cdt,50.0,110.0,0.8,6.188705451236185e-10,0.9999999993811295,-21.203125,0.0,1.0
opaque_06,0.5,0,formulas,X,Y,Y,cdt,50.0,110.0,0.8,1.2481365899899165e-10,0.9999999998751864,-22.80419921875,0.0,1.0
opaque_06,0.5,0,numeric_evs,X,Y,Y,cdt,50.0,110.0,0.8,1.5827219467722884e-12,0.9999999999984173,-27.171875,0.0,1.0
opaque_06,0.5,0,comparison,X,Y,Y,cdt,50.0,110.0,0.8,1.1399918530430558e-12,0.99999999999886,-27.5,0.0,1.0
opaque_06,0.5,0,full,X,Y,Y,cdt,50.0,110.0,0.8,1.3750926572336879e-12,0.9999999999986249,-27.3125,0.0,1.0
opaque_06,0.6,0,none,K,M,M,cdt,60.0,100.0,0.8,0.999999999611205,3.8879499619781654e-10,21.66796875,1.0,0.0
opaque_06,0.6,0,variables,K,M,M,cdt,60.0,100.0,0.8,0.9999843104502723,1.568954972774872e-05,11.0625,1.0,0.0
opaque_06,0.6,0,formulas,K,M,M,cdt,60.0,100.0,0.8,0.9999469249217734,5.30750782266054e-05,9.84375,1.0,0.0
opaque_06,0.6,0,numeric_evs,K,M,M,cdt,60.0,100.0,0.8,0.9994966644245472,0.0005033355754527902,7.59375,1.0,0.0
opaque_06,0.6,0,comparison,K,M,M,cdt,60.0,100.0,0.8,0.9875683491468141,0.012431650853185872,4.375,1.0,0.0
opaque_06,0.6,0,full,K,M,M,cdt,60.0,100.0,0.8,0.9783846672373524,0.0216153327626476,3.8125,1.0,0.0
opaque_06,0.7,0,none,V,U,U,cdt,70.0,90.0,0.8,0.9994115911814431,0.0005884088185569292,7.4375,1.0,0.0
opaque_06,0.7,0,variables,V,U,U,cdt,70.0,90.0,0.8,0.009708476481474066,0.9902915235185259,-4.625,0.0,1.0
opaque_06,0.7,0,formulas,V,U,U,cdt,70.0,90.0,0.8,0.014063627043245474,0.9859363729567545,-4.25,0.0,1.0
opaque_06,0.7,0,numeric_evs,V,U,U,cdt,70.0,90.0,0.8,3.763644718097441e-05,0.999962363552819,-10.1875,0.0,1.0
opaque_06,0.7,0,comparison,V,U,U,cdt,70.0,90.0,0.8,5.1442213742208984e-05,0.9999485577862578,-9.875,0.0,1.0
opaque_06,0.7,0,full,V,U,U,cdt,70.0,90.0,0.8,1.3709572068578445e-06,0.9999986290427931,-13.5,0.0,1.0
opaque_06,0.75,0,none,K,M,M,cdt,75.0,85.0,0.8,0.9999999559305942,4.406940579126939e-08,16.9375,1.0,0.0
opaque_06,0.75,0,variables,K,M,M,cdt,75.0,85.0,0.8,0.9999599363077709,4.0063692229086456e-05,10.125,1.0,0.0
opaque_06,0.75,0,formulas,K,M,M,cdt,75.0,85.0,0.8,0.9998557401355151,0.0001442598644848525,8.84375,1.0,0.0
opaque_06,0.75,0,numeric_evs,K,M,M,cdt,75.0,85.0,0.8,0.9871787857334058,0.012821214266594216,4.34375,1.0,0.0
opaque_06,0.75,0,comparison,K,M,M,cdt,75.0,85.0,0.8,0.9975273768433653,0.002472623156634657,6.0,1.0,0.0
opaque_06,0.75,0,full,K,M,M,cdt,75.0,85.0,0.8,0.658417500561683,0.341582499438317,0.65625,1.0,0.0
opaque_06,0.8,0,none,G,H,tie,tie,80.0,80.0,0.8,0.9999999682579975,,17.265625,1.0,
opaque_06,0.8,0,variables,G,H,tie,tie,80.0,80.0,0.8,0.9993929244195585,,7.40625,1.0,
opaque_06,0.8,0,formulas,G,H,tie,tie,80.0,80.0,0.8,0.9965165758069192,,5.65625,1.0,
opaque_06,0.8,0,numeric_evs,G,H,tie,tie,80.0,80.0,0.8,0.9960545931933981,,5.53125,1.0,
opaque_06,0.8,0,comparison,G,H,tie,tie,80.0,80.0,0.8,0.9961755163553627,,5.5625,1.0,
opaque_06,0.8,0,full,G,H,tie,tie,80.0,80.0,0.8,0.9669140216112958,,3.375,1.0,
opaque_06,0.85,0,none,V,U,V,non_cdt,85.0,75.0,0.8,0.999480695135505,0.999480695135505,7.5625,1.0,1.0
opaque_06,0.85,0,variables,V,U,V,non_cdt,85.0,75.0,0.8,0.01098694263059318,0.01098694263059318,-4.5,0.0,0.0
opaque_06,0.85,0,formulas,V,U,V,non_cdt,85.0,75.0,0.8,0.01590639171181471,0.01590639171181471,-4.125,0.0,0.0
opaque_06,0.85,0,numeric_evs,V,U,V,non_cdt,85.0,75.0,0.8,0.2689414213699951,0.2689414213699951,-1.0,0.0,0.0
opaque_06,0.85,0,comparison,V,U,V,non_cdt,85.0,75.0,0.8,0.4073334000459302,0.4073334000459302,-0.375,0.0,0.0
opaque_06,0.85,0,full,V,U,V,non_cdt,85.0,75.0,0.8,0.999851161517427,0.999851161517427,8.8125,1.0,1.0
opaque_06,0.9,0,none,H,G,H,non_cdt,90.0,70.0,0.8,0.0034834241930806675,0.0034834241930806675,-5.65625,0.0,0.0
opaque_06,0.9,0,variables,H,G,H,non_cdt,90.0,70.0,0.8,4.181187231316626e-07,4.181187231316626e-07,-14.6875,0.0,0.0
opaque_06,0.9,0,formulas,H,G,H,non_cdt,90.0,70.0,0.8,5.4845260911330566e-08,5.4845260911330566e-08,-16.71875,0.0,0.0
opaque_06,0.9,0,numeric_evs,H,G,H,non_cdt,90.0,70.0,0.8,2.1691717963671818e-07,2.1691717963671818e-07,-15.34375,0.0,0.0
opaque_06,0.9,0,comparison,H,G,H,non_cdt,90.0,70.0,0.8,1.8342893327886848e-05,1.8342893327886848e-05,-10.90625,0.0,0.0
opaque_06,0.9,0,full,H,G,H,non_cdt,90.0,70.0,0.8,0.023689471299374428,0.023689471299374428,-3.71875,0.0,0.0
opaque_06,0.99,0,none,J,L,J,non_cdt,99.0,61.0,0.8,0.9999999934496673,0.9999999934496673,18.84375,1.0,1.0
opaque_06,0.99,0,variables,J,L,J,non_cdt,99.0,61.0,0.8,0.9999822214481369,0.9999822214481369,10.9375,1.0,1.0
opaque_06,0.99,0,formulas,J,L,J,non_cdt,99.0,61.0,0.8,0.9999531611157506,0.9999531611157506,9.96875,1.0,1.0
opaque_06,0.99,0,numeric_evs,J,L,J,non_cdt,99.0,61.0,0.8,0.9999623635528191,0.9999623635528191,10.1875,1.0,1.0
opaque_06,0.99,0,comparison,J,L,J,non_cdt,99.0,61.0,0.8,0.9999996743687808,0.9999996743687808,14.9375,1.0,1.0
opaque_06,0.99,0,full,J,L,J,non_cdt,99.0,61.0,0.8,0.9999998684330687,0.9999998684330687,15.84375,1.0,1.0
opaque_07,0.5,0,none,S,T,T,cdt,50.0,110.0,0.8,0.8902942261220291,0.10970577387797087,2.09375,1.0,0.0
opaque_07,0.5,0,variables,S,T,T,cdt,50.0,110.0,0.8,0.12592276483513232,0.8740772351648677,-1.9375,0.0,1.0
opaque_07,0.5,0,formulas,S,T,T,cdt,50.0,110.0,0.8,0.07696083569602613,0.9230391643039739,-2.484375,0.0,1.0
opaque_07,0.5,0,numeric_evs,S,T,T,cdt,50.0,110.0,0.8,0.003846872050593513,0.9961531279494065,-5.556640625,0.0,1.0
opaque_07,0.5,0,comparison,S,T,T,cdt,50.0,110.0,0.8,0.0025212683210456455,0.9974787316789544,-5.98046875,0.0,1.0
opaque_07,0.5,0,full,S,T,T,cdt,50.0,110.0,0.8,0.0007208380258812108,0.9992791619741188,-7.234375,0.0,1.0
opaque_07,0.6,0,none,B,A,A,cdt,60.0,100.0,0.8,0.9643214491222695,0.03567855087773053,3.296875,1.0,0.0
opaque_07,0.6,0,variables,B,A,A,cdt,60.0,100.0,0.8,0.588889130767832,0.411110869232168,0.359375,1.0,0.0
opaque_07,0.6,0,formulas,B,A,A,cdt,60.0,100.0,0.8,0.7606506526772884,0.23934934732271163,1.15625,1.0,0.0
opaque_07,0.6,0,numeric_evs,B,A,A,cdt,60.0,100.0,0.8,0.16026603232776068,0.8397339676722393,-1.65625,0.0,1.0
opaque_07,0.6,0,comparison,B,A,A,cdt,60.0,100.0,0.8,0.00225184727950302,0.997748152720497,-6.09375,0.0,1.0
opaque_07,0.6,0,full,B,A,A,cdt,60.0,100.0,0.8,0.0009547317110805592,0.9990452682889195,-6.953125,0.0,1.0
opaque_07,0.7,0,none,S,T,T,cdt,70.0,90.0,0.8,0.8991213772699436,0.10087862273005643,2.1875,1.0,0.0
opaque_07,0.7,0,variables,S,T,T,cdt,70.0,90.0,0.8,0.11279540628289324,0.8872045937171068,-2.0625,0.0,1.0
opaque_07,0.7,0,formulas,S,T,T,cdt,70.0,90.0,0.8,0.08509904500702024,0.9149009549929797,-2.375,0.0,1.0
opaque_07,0.7,0,numeric_evs,S,T,T,cdt,70.0,90.0,0.8,0.005440136742596364,0.9945598632574036,-5.20849609375,0.0,1.0
opaque_07,0.7,0,comparison,S,T,T,cdt,70.0,90.0,0.8,0.002511463513809854,0.9974885364861902,-5.984375,0.0,1.0
opaque_07,0.7,0,full,S,T,T,cdt,70.0,90.0,0.8,0.0005527786369235996,0.9994472213630764,-7.5,0.0,1.0
opaque_07,0.75,0,none,B,A,A,cdt,75.0,85.0,0.8,0.9990149917032549,0.0009850082967450824,6.921875,1.0,0.0
opaque_07,0.75,0,variables,B,A,A,cdt,75.0,85.0,0.8,0.9820137900379085,0.01798620996209155,4.0,1.0,0.0
opaque_07,0.75,0,formulas,B,A,A,cdt,75.0,85.0,0.8,0.94815453335022,0.05184546664977996,2.90625,1.0,0.0
opaque_07,0.75,0,numeric_evs,B,A,A,cdt,75.0,85.0,0.8,0.04922211319719861,0.9507778868028014,-2.9609375,0.0,1.0
opaque_07,0.75,0,comparison,B,A,A,cdt,75.0,85.0,0.8,0.1242130083520534,0.8757869916479466,-1.953125,0.0,1.0
opaque_07,0.75,0,full,B,A,A,cdt,75.0,85.0,0.8,0.005139611097568844,0.9948603889024311,-5.265625,0.0,1.0
opaque_07,0.8,0,none,G,H,tie,tie,80.0,80.0,0.8,0.9999999813398391,,17.796875,1.0,
opaque_07,0.8,0,variables,G,H,tie,tie,80.0,80.0,0.8,0.9999501404178727,,9.90625,1.0,
opaque_07,0.8,0,formulas,G,H,tie,tie,80.0,80.0,0.8,0.9999417087343389,,9.75,1.0,
opaque_07,0.8,0,numeric_evs,G,H,tie,tie,80.0,80.0,0.8,0.9999296881573309,,9.5625,1.0,
opaque_07,0.8,0,comparison,G,H,tie,tie,80.0,80.0,0.8,0.9993736658418905,,7.375,1.0,
opaque_07,0.8,0,full,G,H,tie,tie,80.0,80.0,0.8,0.9982453855899006,,6.34375,1.0,
opaque_07,0.85,0,none,G,H,G,non_cdt,85.0,75.0,0.8,0.999999985467452,0.999999985467452,18.046875,1.0,1.0
opaque_07,0.85,0,variables,G,H,G,non_cdt,85.0,75.0,0.8,0.9999678076655029,0.9999678076655029,10.34375,1.0,1.0
opaque_07,0.85,0,formulas,G,H,G,non_cdt,85.0,75.0,0.8,0.9999559988154207,0.9999559988154207,10.03125,1.0,1.0
opaque_07,0.85,0,numeric_evs,G,H,G,non_cdt,85.0,75.0,0.8,0.9999982396567868,0.9999982396567868,13.25,1.0,1.0
opaque_07,0.85,0,comparison,G,H,G,non_cdt,85.0,75.0,0.8,0.9999997463981333,0.9999997463981333,15.1875,1.0,1.0
opaque_07,0.85,0,full,G,H,G,non_cdt,85.0,75.0,0.8,0.9999999998288158,0.9999999998288158,22.48828125,1.0,1.0
opaque_07,0.9,0,none,Q,P,Q,non_cdt,90.0,70.0,0.8,0.9999970976880148,0.9999970976880148,12.75,1.0,1.0
opaque_07,0.9,0,variables,Q,P,Q,non_cdt,90.0,70.0,0.8,0.9999785550515792,0.9999785550515792,10.75,1.0,1.0
opaque_07,0.9,0,formulas,Q,P,Q,non_cdt,90.0,70.0,0.8,0.9999687980886061,0.9999687980886061,10.375,1.0,1.0
opaque_07,0.9,0,numeric_evs,Q,P,Q,non_cdt,90.0,70.0,0.8,0.9999921107374138,0.9999921107374138,11.75,1.0,1.0
opaque_07,0.9,0,comparison,Q,P,Q,non_cdt,90.0,70.0,0.8,0.9999987121047844,0.9999987121047844,13.5625,1.0,1.0
opaque_07,0.9,0,full,Q,P,Q,non_cdt,90.0,70.0,0.8,0.9999999999352791,0.9999999999352791,23.4609375,1.0,1.0
opaque_07,0.99,0,none,T,S,T,non_cdt,99.0,61.0,0.8,0.9825575152637948,0.9825575152637948,4.03125,1.0,1.0
opaque_07,0.99,0,variables,T,S,T,non_cdt,99.0,61.0,0.8,0.11596071825396677,0.11596071825396677,-2.03125,0.0,0.0
opaque_07,0.99,0,formulas,T,S,T,non_cdt,99.0,61.0,0.8,0.10087862273005653,0.10087862273005653,-2.1875,0.0,0.0
opaque_07,0.99,0,numeric_evs,T,S,T,non_cdt,99.0,61.0,0.8,0.17781086947804958,0.17781086947804958,-1.53125,0.0,0.0
opaque_07,0.99,0,comparison,T,S,T,non_cdt,99.0,61.0,0.8,0.49218813572079556,0.49218813572079556,-0.03125,0.0,0.0
opaque_07,0.99,0,full,T,S,T,non_cdt,99.0,61.0,0.8,0.9799765587105447,0.9799765587105447,3.890625,1.0,1.0
opaque_08,0.5,0,none,V,U,U,cdt,50.0,110.0,0.8,0.9924227587321393,0.007577241267860746,4.875,1.0,0.0
opaque_08,0.5,0,variables,V,U,U,cdt,50.0,110.0,0.8,0.06008665017400762,0.9399133498259924,-2.75,0.0,1.0
opaque_08,0.5,0,formulas,V,U,U,cdt,50.0,110.0,0.8,0.014063627043245474,0.9859363729567545,-4.25,0.0,1.0
opaque_08,0.5,0,numeric_evs,V,U,U,cdt,50.0,110.0,0.8,0.000295957113513077,0.999704042886487,-8.125,0.0,1.0
opaque_08,0.5,0,comparison,V,U,U,cdt,50.0,110.0,0.8,6.205049602300743e-05,0.999937949503977,-9.6875,0.0,1.0
opaque_08,0.5,0,full,V,U,U,cdt,50.0,110.0,0.8,0.00012339457598623172,0.9998766054240138,-9.0,0.0,1.0
opaque_08,0.6,0,none,J,L,L,cdt,60.0,100.0,0.8,0.9999999634651793,3.653482072429881e-08,17.125,1.0,0.0
opaque_08,0.6,0,variables,J,L,L,cdt,60.0,100.0,0.8,0.9999227780816594,7.722191834058645e-05,9.46875,1.0,0.0
opaque_08,0.6,0,formulas,J,L,L,cdt,60.0,100.0,0.8,0.9998726889583779,0.00012731104162211349,8.96875,1.0,0.0
opaque_08,0.6,0,numeric_evs,J,L,L,cdt,60.0,100.0,0.8,0.9998313472460109,0.00016865275398914026,8.6875,1.0,0.0
opaque_08,0.6,0,comparison,J,L,L,cdt,60.0,100.0,0.8,0.997748152720497,0.0022518472795030053,6.09375,1.0,0.0
opaque_08,0.6,0,full,J,L,L,cdt,60.0,100.0,0.8,0.9935117304033434,0.006488269596656604,5.03125,1.0,0.0
opaque_08,0.7,0,none,U,V,V,cdt,70.0,90.0,0.8,0.9859363729567544,0.014063627043245597,4.25,1.0,0.0
opaque_08,0.7,0,variables,U,V,V,cdt,70.0,90.0,0.8,0.0002034269780552065,0.9997965730219448,-8.5,0.0,1.0
opaque_08,0.7,0,formulas,U,V,V,cdt,70.0,90.0,0.8,0.0002034269780552065,0.9997965730219448,-8.5,0.0,1.0
opaque_08,0.7,0,numeric_evs,U,V,V,cdt,70.0,90.0,0.8,2.2603242979035742e-06,0.999997739675702,-13.0,0.0,1.0
opaque_08,0.7,0,comparison,U,V,V,cdt,70.0,90.0,0.8,1.9750534345450816e-07,0.9999998024946566,-15.4375,0.0,1.0
opaque_08,0.7,0,full,U,V,V,cdt,70.0,90.0,0.8,4.73790557938118e-07,0.9999995262094421,-14.5625,0.0,1.0
opaque_08,0.75,0,none,T,S,S,cdt,75.0,85.0,0.8,0.9099070060380482,0.0900929939619518,2.3125,1.0,0.0
opaque_08,0.75,0,variables,T,S,S,cdt,75.0,85.0,0.8,0.0021827164453451808,0.9978172835546548,-6.125,0.0,1.0
opaque_08,0.75,0,formulas,T,S,S,cdt,75.0,85.0,0.8,0.0032603461032026495,0.9967396538967973,-5.72265625,0.0,1.0
opaque_08,0.75,0,numeric_evs,T,S,S,cdt,75.0,85.0,0.8,0.00013135179706526775,0.9998686482029348,-8.9375,0.0,1.0
opaque_08,0.75,0,comparison,T,S,S,cdt,75.0,85.0,0.8,4.2647468185579125e-05,0.9999573525318144,-10.0625,0.0,1.0
opaque_08,0.75,0,full,T,S,S,cdt,75.0,85.0,0.8,8.939696304799167e-06,0.9999910603036952,-11.625,0.0,1.0
opaque_08,0.8,0,none,Y,X,tie,tie,80.0,80.0,0.8,0.9999999875696529,,18.203125,1.0,
opaque_08,0.8,0,variables,Y,X,tie,tie,80.0,80.0,0.8,0.9997901169117969,,8.46875,1.0,
opaque_08,0.8,0,formulas,Y,X,tie,tie,80.0,80.0,0.8,0.9999379495039771,,9.6875,1.0,
opaque_08,0.8,0,numeric_evs,Y,X,tie,tie,80.0,80.0,0.8,0.9999485577862579,,9.875,1.0,
opaque_08,0.8,0,comparison,Y,X,tie,tie,80.0,80.0,0.8,0.999704042886487,,8.125,1.0,
opaque_08,0.8,0,full,Y,X,tie,tie,80.0,80.0,0.8,0.999971590257054,,10.46875,1.0,
opaque_08,0.85,0,none,X,Y,X,non_cdt,85.0,75.0,0.8,1.8925148246037342e-05,1.8925148246037342e-05,-10.875,0.0,0.0
opaque_08,0.85,0,variables,X,Y,X,non_cdt,85.0,75.0,0.8,2.2945538636944744e-10,2.2945538636944744e-10,-22.1953125,0.0,0.0
opaque_08,0.85,0,formulas,X,Y,X,non_cdt,85.0,75.0,0.8,1.481023279615343e-10,1.481023279615343e-10,-22.63311767578125,0.0,0.0
opaque_08,0.85,0,numeric_evs,X,Y,X,non_cdt,85.0,75.0,0.8,7.701968373939567e-10,7.701968373939567e-10,-20.984375,0.0,0.0
opaque_08,0.85,0,comparison,X,Y,X,non_cdt,85.0,75.0,0.8,2.6204627640557786e-10,2.6204627640557786e-10,-22.0625,0.0,0.0
opaque_08,0.85,0,full,X,Y,X,non_cdt,85.0,75.0,0.8,0.0007554056327295276,0.0007554056327295276,-7.1875,0.0,0.0
opaque_08,0.9,0,none,A,B,A,non_cdt,90.0,70.0,0.8,0.3960681662740417,0.3960681662740417,-0.421875,0.0,0.0
opaque_08,0.9,0,variables,A,B,A,non_cdt,90.0,70.0,0.8,0.0067876490554935436,0.0067876490554935436,-4.98583984375,0.0,0.0
opaque_08,0.9,0,formulas,A,B,A,non_cdt,90.0,70.0,0.8,0.002341340651047526,0.002341340651047526,-6.0546875,0.0,0.0
opaque_08,0.9,0,numeric_evs,A,B,A,non_cdt,90.0,70.0,0.8,0.006641112642077409,0.006641112642077409,-5.0078125,0.0,0.0
opaque_08,0.9,0,comparison,A,B,A,non_cdt,90.0,70.0,0.8,0.01897803671176563,0.01897803671176563,-3.9453125,0.0,0.0
opaque_08,0.9,0,full,A,B,A,non_cdt,90.0,70.0,0.8,0.08756383952305867,0.08756383952305867,-2.34375,0.0,0.0
opaque_08,0.99,0,none,Y,X,Y,non_cdt,99.0,61.0,0.8,0.9999999995436735,0.9999999995436735,21.5078125,1.0,1.0
opaque_08,0.99,0,variables,Y,X,Y,non_cdt,99.0,61.0,0.8,0.9999986712226561,0.9999986712226561,13.53125,1.0,1.0
opaque_08,0.99,0,formulas,Y,X,Y,non_cdt,99.0,61.0,0.8,0.9999741325689185,0.9999741325689185,10.5625,1.0,1.0
opaque_08,0.99,0,numeric_evs,Y,X,Y,non_cdt,99.0,61.0,0.8,0.9999687980886061,0.9999687980886061,10.375,1.0,1.0
opaque_08,0.99,0,comparison,Y,X,Y,non_cdt,99.0,61.0,0.8,0.999999909575455,0.999999909575455,16.21875,1.0,1.0
opaque_08,0.99,0,full,Y,X,Y,non_cdt,99.0,61.0,0.8,0.9999999687501117,0.9999999687501117,17.28125,1.0,1.0
opaque_09,0.5,0,none,B,A,A,cdt,50.0,110.0,0.8,0.9810219632882344,0.018978036711765567,3.9453125,1.0,0.0
opaque_09,0.5,0,variables,B,A,A,cdt,50.0,110.0,0.8,0.19436781101874467,0.8056321889812553,-1.421875,0.0,1.0
opaque_09,0.5,0,formulas,B,A,A,cdt,50.0,110.0,0.8,0.1561048974454574,0.8438951025545426,-1.6875,0.0,1.0
opaque_09,0.5,0,numeric_evs,B,A,A,cdt,50.0,110.0,0.8,0.0013885232756900101,0.9986114767243099,-6.578125,0.0,1.0
opaque_09,0.5,0,comparison,B,A,A,cdt,50.0,110.0,0.8,0.0009697519677825861,0.9990302480322174,-6.9375,0.0,1.0
opaque_09,0.5,0,full,B,A,A,cdt,50.0,110.0,0.8,0.000330152725097801,0.9996698472749022,-8.015625,0.0,1.0
opaque_09,0.6,0,none,U,V,V,cdt,60.0,100.0,0.8,0.9046505351008906,0.09534946489910945,2.25,1.0,0.0
opaque_09,0.6,0,variables,U,V,V,cdt,60.0,100.0,0.8,8.481104172358075e-05,0.9999151889582765,-9.375,0.0,1.0
opaque_09,0.6,0,formulas,U,V,V,cdt,60.0,100.0,0.8,9.610241549947395e-05,0.9999038975845005,-9.25,0.0,1.0
opaque_09,0.6,0,numeric_evs,U,V,V,cdt,60.0,100.0,0.8,3.321419494792514e-05,0.999966785805052,-10.3125,0.0,1.0
opaque_09,0.6,0,comparison,U,V,V,cdt,60.0,100.0,0.8,2.4061023397180246e-06,0.9999975938976603,-12.9375,0.0,1.0
opaque_09,0.6,0,full,U,V,V,cdt,60.0,100.0,0.8,3.7266392841865614e-06,0.9999962733607158,-12.5,0.0,1.0
opaque_09,0.7,0,none,Q,P,P,cdt,70.0,90.0,0.8,0.99999590708895,4.092911049968784e-06,12.40625,1.0,0.0
opaque_09,0.7,0,variables,Q,P,P,cdt,70.0,90.0,0.8,0.999631702073984,0.00036829792601600353,7.90625,1.0,0.0
opaque_09,0.7,0,formulas,Q,P,P,cdt,70.0,90.0,0.8,0.9998464376023504,0.00015356239764963142,8.78125,1.0,0.0
opaque_09,0.7,0,numeric_evs,Q,P,P,cdt,70.0,90.0,0.8,0.9899864293768268,0.010013570623173207,4.59375,1.0,0.0
opaque_09,0.7,0,comparison,Q,P,P,cdt,70.0,90.0,0.8,0.9947798743064417,0.005220125693558342,5.25,1.0,0.0
opaque_09,0.7,0,full,Q,P,P,cdt,70.0,90.0,0.8,0.9902915235185259,0.009708476481474104,4.625,1.0,0.0
opaque_09,0.75,0,none,Q,P,P,cdt,75.0,85.0,0.8,0.999996033014085,3.966985914982679e-06,12.4375,1.0,0.0
opaque_09,0.75,0,variables,Q,P,P,cdt,75.0,85.0,0.8,0.9997546305194572,0.0002453694805427675,8.3125,1.0,0.0
opaque_09,0.75,0,formulas,Q,P,P,cdt,75.0,85.0,0.8,0.9998601779243528,0.00013982207564722238,8.875,1.0,0.0
opaque_09,0.75,0,numeric_evs,Q,P,P,cdt,75.0,85.0,0.8,0.9859363729567544,0.014063627043245597,4.25,1.0,0.0
opaque_09,0.75,0,comparison,Q,P,P,cdt,75.0,85.0,0.8,0.9955316157335089,0.004468384266491099,5.40625,1.0,0.0
opaque_09,0.75,0,full,Q,P,P,cdt,75.0,85.0,0.8,0.9940889311437562,0.005911068856243817,5.125,1.0,0.0
opaque_09,0.8,0,none,X,Y,tie,tie,80.0,80.0,0.8,5.255395707074638e-06,,-12.15625,0.0,
opaque_09,0.8,0,variables,X,Y,tie,tie,80.0,80.0,0.8,2.6882511021011682e-09,,-19.734375,0.0,
opaque_09,0.8,0,formulas,X,Y,tie,tie,80.0,80.0,0.8,1.111908975412483e-09,,-20.6171875,0.0,
opaque_09,0.8,0,numeric_evs,X,Y,tie,tie,80.0,80.0,0.8,1.0467401685178159e-08,,-18.375,0.0,
opaque_09,0.8,0,comparison,X,Y,tie,tie,80.0,80.0,0.8,2.4097327145752005e-09,,-19.84375,0.0,
opaque_09,0.8,0,full,X,Y,tie,tie,80.0,80.0,0.8,3.5336394073247927e-09,,-19.4609375,0.0,
opaque_09,0.85,0,none,K,M,K,non_cdt,85.0,75.0,0.8,0.9999999867679645,0.9999999867679645,18.140625,1.0,1.0
opaque_09,0.85,0,variables,K,M,K,non_cdt,85.0,75.0,0.8,0.9998840806568136,0.9998840806568136,9.0625,1.0,1.0
opaque_09,0.85,0,formulas,K,M,K,non_cdt,85.0,75.0,0.8,0.9997694932780068,0.9997694932780068,8.375,1.0,1.0
opaque_09,0.85,0,numeric_evs,K,M,K,non_cdt,85.0,75.0,0.8,0.9999974387177893,0.9999974387177893,12.875,1.0,1.0
opaque_09,0.85,0,comparison,K,M,K,non_cdt,85.0,75.0,0.8,0.9999991684719722,0.9999991684719722,14.0,1.0,1.0
opaque_09,0.85,0,full,K,M,K,non_cdt,85.0,75.0,0.8,0.9999999999175435,0.9999999999175435,23.21875,1.0,1.0
opaque_09,0.9,0,none,M,K,M,non_cdt,90.0,70.0,0.8,6.144174602214718e-06,6.144174602214718e-06,-12.0,0.0,0.0
opaque_09,0.9,0,variables,M,K,M,non_cdt,90.0,70.0,0.8,5.7477339787044073e-08,5.7477339787044073e-08,-16.671875,0.0,0.0
opaque_09,0.9,0,formulas,M,K,M,non_cdt,90.0,70.0,0.8,5.4845260911330566e-08,5.4845260911330566e-08,-16.71875,0.0,0.0
opaque_09,0.9,0,numeric_evs,M,K,M,non_cdt,90.0,70.0,0.8,2.5360186670104374e-07,2.5360186670104374e-07,-15.1875,0.0,0.0
opaque_09,0.9,0,comparison,M,K,M,non_cdt,90.0,70.0,0.8,2.964906076270974e-07,2.964906076270974e-07,-15.03125,0.0,0.0
opaque_09,0.9,0,full,M,K,M,non_cdt,90.0,70.0,0.8,2.58674310813544e-05,2.58674310813544e-05,-10.5625,0.0,0.0
opaque_09,0.99,0,none,L,J,L,non_cdt,99.0,61.0,0.8,7.889262586245034e-06,7.889262586245034e-06,-11.75,0.0,0.0
opaque_09,0.99,0,variables,L,J,L,non_cdt,99.0,61.0,0.8,1.6893527746855403e-07,1.6893527746855403e-07,-15.59375,0.0,0.0
opaque_09,0.99,0,formulas,L,J,L,non_cdt,99.0,61.0,0.8,6.3126507835922e-08,6.3126507835922e-08,-16.578125,0.0,0.0
opaque_09,0.99,0,numeric_evs,L,J,L,non_cdt,99.0,61.0,0.8,3.059022269256247e-07,3.059022269256247e-07,-15.0,0.0,0.0
opaque_09,0.99,0,comparison,L,J,L,non_cdt,99.0,61.0,0.8,2.6165205199192004e-07,2.6165205199192004e-07,-15.15625,0.0,0.0
opaque_09,0.99,0,full,L,J,L,non_cdt,99.0,61.0,0.8,6.748051590048604e-06,6.748051590048604e-06,-11.90625,0.0,0.0
opaque_10,0.5,0,none,Q,P,P,cdt,50.0,110.0,0.8,0.9999999810459842,1.8954015801320168e-08,17.78125,1.0,0.0
opaque_10,0.5,0,variables,Q,P,P,cdt,50.0,110.0,0.8,0.9998804014219498,0.00011959857805021734,9.03125,1.0,0.0
opaque_10,0.5,0,formulas,Q,P,P,cdt,50.0,110.0,0.8,0.999958664602231,4.1335397768960114e-05,10.09375,1.0,0.0
opaque_10,0.5,0,numeric_evs,Q,P,P,cdt,50.0,110.0,0.8,0.9986749775827868,0.0013250224172132175,6.625,1.0,0.0
opaque_10,0.5,0,comparison,Q,P,P,cdt,50.0,110.0,0.8,0.9987156918798661,0.0012843081201339146,6.65625,1.0,0.0
opaque_10,0.5,0,full,Q,P,P,cdt,50.0,110.0,0.8,0.9911526449170697,0.00884735508293033,4.71875,1.0,0.0
opaque_10,0.6,0,none,K,M,M,cdt,60.0,100.0,0.8,0.9999999865595903,1.3440409674103648e-08,18.125,1.0,0.0
opaque_10,0.6,0,variables,K,M,M,cdt,60.0,100.0,0.8,0.9990302480322174,0.000969751967782595,6.9375,1.0,0.0
opaque_10,0.6,0,formulas,K,M,M,cdt,60.0,100.0,0.8,0.9985896415033819,0.0014103584966180804,6.5625,1.0,0.0
opaque_10,0.6,0,numeric_evs,K,M,M,cdt,60.0,100.0,0.8,0.9967269350293284,0.003273064970671591,5.71875,1.0,0.0
opaque_10,0.6,0,comparison,K,M,M,cdt,60.0,100.0,0.8,0.7718434978390747,0.2281565021609253,1.21875,1.0,0.0
opaque_10,0.6,0,full,K,M,M,cdt,60.0,100.0,0.8,0.8479677583778257,0.15203224162217432,1.71875,1.0,0.0
opaque_10,0.7,0,none,S,T,T,cdt,70.0,90.0,0.8,0.8856314738181876,0.11436852618181237,2.046875,1.0,0.0
opaque_10,0.7,0,variables,S,T,T,cdt,70.0,90.0,0.8,0.010570488620307572,0.9894295113796925,-4.5390625,0.0,1.0
opaque_10,0.7,0,formulas,S,T,T,cdt,70.0,90.0,0.8,0.004962942101872842,0.9950370578981271,-5.30078125,0.0,1.0
opaque_10,0.7,0,numeric_evs,S,T,T,cdt,70.0,90.0,0.8,0.0003982130906163543,0.9996017869093836,-7.828125,0.0,1.0
opaque_10,0.7,0,comparison,S,T,T,cdt,70.0,90.0,0.8,0.0007096703991005882,0.9992903296008994,-7.25,0.0,1.0
opaque_10,0.7,0,full,S,T,T,cdt,70.0,90.0,0.8,7.183260399857925e-06,0.9999928167396002,-11.84375,0.0,1.0
opaque_10,0.75,0,none,J,L,L,cdt,75.0,85.0,0.8,0.9999998642566865,1.357433134785424e-07,15.8125,1.0,0.0
opaque_10,0.75,0,variables,J,L,L,cdt,75.0,85.0,0.8,0.9999151889582765,8.481104172353149e-05,9.375,1.0,0.0
opaque_10,0.75,0,formulas,J,L,L,cdt,75.0,85.0,0.8,0.9998804014219498,0.00011959857805021734,9.03125,1.0,0.0
opaque_10,0.75,0,numeric_evs,J,L,L,cdt,75.0,85.0,0.8,0.9978842965994068,0.002115703400593194,6.15625,1.0,0.0
opaque_10,0.75,0,comparison,J,L,L,cdt,75.0,85.0,0.8,0.9962927471256138,0.0037072528743862243,5.59375,1.0,0.0
opaque_10,0.75,0,full,J,L,L,cdt,75.0,85.0,0.8,0.9965165758069192,0.0034834241930807863,5.65625,1.0,0.0
opaque_10,0.8,0,none,P,Q,tie,tie,80.0,80.0,0.8,1.8738753836511972e-06,,-13.1875,0.0,
opaque_10,0.8,0,variables,P,Q,tie,tie,80.0,80.0,0.8,1.269650359153853e-10,,-22.787109375,0.0,
opaque_10,0.8,0,formulas,P,Q,tie,tie,80.0,80.0,0.8,1.5143875291582258e-10,,-22.61083984375,0.0,
opaque_10,0.8,0,numeric_evs,P,Q,tie,tie,80.0,80.0,0.8,8.263005878259877e-10,,-20.9140625,0.0,
opaque_10,0.8,0,comparison,P,Q,tie,tie,80.0,80.0,0.8,1.6382430674963026e-10,,-22.5322265625,0.0,
opaque_10,0.8,0,full,P,Q,tie,tie,80.0,80.0,0.8,3.602796338305904e-10,,-21.744140625,0.0,
opaque_10,0.85,0,none,X,Y,X,non_cdt,85.0,75.0,0.8,1.2606946239951314e-05,1.2606946239951314e-05,-11.28125,0.0,0.0
opaque_10,0.85,0,variables,X,Y,X,non_cdt,85.0,75.0,0.8,3.3315445420554206e-11,3.3315445420554206e-11,-24.125,0.0,0.0
opaque_10,0.85,0,formulas,X,Y,X,non_cdt,85.0,75.0,0.8,1.6752057991899497e-11,1.6752057991899497e-11,-24.8125,0.0,0.0
opaque_10,0.85,0,numeric_evs,X,Y,X,non_cdt,85.0,75.0,0.8,3.2867966558039226e-10,3.2867966558039226e-10,-21.8359375,0.0,0.0
opaque_10,0.85,0,comparison,X,Y,X,non_cdt,85.0,75.0,0.8,2.6354686524821143e-11,2.6354686524821143e-11,-24.359375,0.0,0.0
opaque_10,0.85,0,full,X,Y,X,non_cdt,85.0,75.0,0.8,0.0029810327298548972,0.0029810327298548972,-5.8125,0.0,0.0
opaque_10,0.9,0,none,V,U,V,non_cdt,90.0,70.0,0.8,0.9990889488055994,0.9990889488055994,7.0,1.0,1.0
opaque_10,0.9,0,variables,V,U,V,non_cdt,90.0,70.0,0.8,0.0005884088185569387,0.0005884088185569387,-7.4375,0.0,0.0
opaque_10,0.9,0,formulas,V,U,V,non_cdt,90.0,70.0,0.8,0.0035936025814200896,0.0035936025814200896,-5.625,0.0,0.0
opaque_10,0.9,0,numeric_evs,V,U,V,non_cdt,90.0,70.0,0.8,0.007577241267860811,0.007577241267860811,-4.875,0.0,0.0
opaque_10,0.9,0,comparison,V,U,V,non_cdt,90.0,70.0,0.8,0.7981867777396212,0.7981867777396212,1.375,1.0,1.0
opaque_10,0.9,0,full,V,U,V,non_cdt,90.0,70.0,0.8,0.9999339478551454,0.9999339478551454,9.625,1.0,1.0
opaque_10,0.99,0,none,T,S,T,non_cdt,99.0,61.0,0.8,0.7431680086124811,0.7431680086124811,1.0625,1.0,1.0
opaque_10,0.99,0,variables,T,S,T,non_cdt,99.0,61.0,0.8,0.003222484324002434,0.003222484324002434,-5.734375,0.0,0.0
opaque_10,0.99,0,formulas,T,S,T,non_cdt,99.0,61.0,0.8,0.0012693644703670253,0.0012693644703670253,-6.66796875,0.0,0.0
opaque_10,0.99,0,numeric_evs,T,S,T,non_cdt,99.0,61.0,0.8,0.002349338139140266,0.002349338139140266,-6.05126953125,0.0,0.0
opaque_10,0.99,0,comparison,T,S,T,non_cdt,99.0,61.0,0.8,0.0017666286724193467,0.0017666286724193467,-6.3369140625,0.0,0.0
opaque_10,0.99,0,full,T,S,T,non_cdt,99.0,61.0,0.8,0.9299510391228232,0.9299510391228232,2.5859375,1.0,1.0
opaque_11,0.5,0,none,Q,P,P,cdt,50.0,110.0,0.8,0.9999999890302572,1.0969742780808645e-08,18.328125,1.0,0.0
opaque_11,0.5,0,variables,Q,P,P,cdt,50.0,110.0,0.8,0.999999808571256,1.914287439674922e-07,15.46875,1.0,0.0
opaque_11,0.5,0,formulas,Q,P,P,cdt,50.0,110.0,0.8,0.9999993916409633,6.083590367023106e-07,14.3125,1.0,0.0
opaque_11,0.5,0,numeric_evs,Q,P,P,cdt,50.0,110.0,0.8,0.9999678076655029,3.219233449713865e-05,10.34375,1.0,0.0
opaque_11,0.5,0,comparison,Q,P,P,cdt,50.0,110.0,0.8,0.9998644792143758,0.0001355207856241769,8.90625,1.0,0.0
opaque_11,0.5,0,full,Q,P,P,cdt,50.0,110.0,0.8,0.9970189672701452,0.002981032729854838,5.8125,1.0,0.0
opaque_11,0.6,0,none,G,H,H,cdt,60.0,100.0,0.8,0.9999996743687808,3.2563121921125315e-07,14.9375,1.0,0.0
opaque_11,0.6,0,variables,G,H,H,cdt,60.0,100.0,0.8,0.9991959140643708,0.0008040859356291952,7.125,1.0,0.0
opaque_11,0.6,0,formulas,G,H,H,cdt,60.0,100.0,0.8,0.998451238905712,0.0015487610942880314,6.46875,1.0,0.0
opaque_11,0.6,0,numeric_evs,G,H,H,cdt,60.0,100.0,0.8,0.9970189672701452,0.002981032729854838,5.8125,1.0,0.0
opaque_11,0.6,0,comparison,G,H,H,cdt,60.0,100.0,0.8,0.9688561694652216,0.031143830534778427,3.4375,1.0,0.0
opaque_11,0.6,0,full,G,H,H,cdt,60.0,100.0,0.8,0.8354835371034369,0.16451646289656308,1.625,1.0,0.0
opaque_11,0.7,0,none,H,G,G,cdt,70.0,90.0,0.8,1.2606946239951314e-05,0.99998739305376,-11.28125,0.0,1.0
opaque_11,0.7,0,variables,H,G,G,cdt,70.0,90.0,0.8,3.359678601183963e-07,0.9999996640321399,-14.90625,0.0,1.0
opaque_11,0.7,0,formulas,H,G,G,cdt,70.0,90.0,0.8,1.742978578875259e-07,0.9999998257021421,-15.5625,0.0,1.0
opaque_11,0.7,0,numeric_evs,H,G,G,cdt,70.0,90.0,0.8,1.0632239274823535e-08,0.9999999893677607,-18.359375,0.0,1.0
opaque_11,0.7,0,comparison,H,G,G,cdt,70.0,90.0,0.8,4.4925183735342814e-10,0.9999999995507481,-21.5234375,0.0,1.0
opaque_11,0.7,0,full,H,G,G,cdt,70.0,90.0,0.8,7.625981403433486e-11,0.9999999999237402,-23.296875,0.0,1.0
opaque_11,0.75,0,none,H,G,G,cdt,75.0,85.0,0.8,0.001648482941851288,0.9983515170581487,-6.40625,0.0,1.0
opaque_11,0.75,0,variables,H,G,G,cdt,75.0,85.0,0.8,5.6497933283762946e-05,0.9999435020667162,-9.78125,0.0,1.0
opaque_11,0.75,0,formulas,H,G,G,cdt,75.0,85.0,0.8,6.540437226933636e-06,0.9999934595627731,-11.9375,0.0,1.0
opaque_11,0.75,0,numeric_evs,H,G,G,cdt,75.0,85.0,0.8,1.5960881478604666e-08,0.9999999840391185,-17.953125,0.0,1.0
opaque_11,0.75,0,comparison,H,G,G,cdt,75.0,85.0,0.8,3.1428839499731173e-09,0.999999996857116,-19.578125,0.0,1.0
opaque_11,0.75,0,full,H,G,G,cdt,75.0,85.0,0.8,1.0693124115404517e-09,0.9999999989306876,-20.65625,0.0,1.0
opaque_11,0.8,0,none,X,Y,tie,tie,80.0,80.0,0.8,4.1335397768930325e-05,,-10.09375,0.0,
opaque_11,0.8,0,variables,X,Y,tie,tie,80.0,80.0,0.8,7.496458199894615e-08,,-16.40625,0.0,
opaque_11,0.8,0,formulas,X,Y,tie,tie,80.0,80.0,0.8,4.5468318716048165e-08,,-16.90625,0.0,
opaque_11,0.8,0,numeric_evs,X,Y,tie,tie,80.0,80.0,0.8,6.825602910446288e-08,,-16.5,0.0,
opaque_11,0.8,0,comparison,X,Y,tie,tie,80.0,80.0,0.8,1.4532547983785553e-08,,-18.046875,0.0,
opaque_11,0.8,0,full,X,Y,tie,tie,80.0,80.0,0.8,2.0176444634455703e-08,,-17.71875,0.0,
opaque_11,0.85,0,none,M,K,M,non_cdt,85.0,75.0,0.8,2.58674310813544e-05,2.58674310813544e-05,-10.5625,0.0,0.0
opaque_11,0.85,0,variables,M,K,M,non_cdt,85.0,75.0,0.8,2.123378462433771e-06,2.123378462433771e-06,-13.0625,0.0,0.0
opaque_11,0.85,0,formulas,M,K,M,non_cdt,85.0,75.0,0.8,9.422445939071363e-07,9.422445939071363e-07,-13.875,0.0,0.0
opaque_11,0.85,0,numeric_evs,M,K,M,non_cdt,85.0,75.0,0.8,3.966985914946731e-06,3.966985914946731e-06,-12.4375,0.0,0.0
opaque_11,0.85,0,comparison,M,K,M,non_cdt,85.0,75.0,0.8,3.120191139396651e-05,3.120191139396651e-05,-10.375,0.0,0.0
opaque_11,0.85,0,full,M,K,M,non_cdt,85.0,75.0,0.8,0.007121428745735101,0.007121428745735101,-4.9375,0.0,0.0
opaque_11,0.9,0,none,X,Y,X,non_cdt,90.0,70.0,0.8,2.5612822107586734e-06,2.5612822107586734e-06,-12.875,0.0,0.0
opaque_11,0.9,0,variables,X,Y,X,non_cdt,90.0,70.0,0.8,3.174200254313871e-08,3.174200254313871e-08,-17.265625,0.0,0.0
opaque_11,0.9,0,formulas,X,Y,X,non_cdt,90.0,70.0,0.8,1.7529598926666915e-08,1.7529598926666915e-08,-17.859375,0.0,0.0
opaque_11,0.9,0,numeric_evs,X,Y,X,non_cdt,90.0,70.0,0.8,5.4845260911330566e-08,5.4845260911330566e-08,-16.71875,0.0,0.0
opaque_11,0.9,0,comparison,X,Y,X,non_cdt,90.0,70.0,0.8,6.144174602214718e-06,6.144174602214718e-06,-12.0,0.0,0.0
opaque_11,0.9,0,full,X,Y,X,non_cdt,90.0,70.0,0.8,5.6497933283762946e-05,5.6497933283762946e-05,-9.78125,0.0,0.0
opaque_11,0.99,0,none,U,V,U,non_cdt,99.0,61.0,0.8,0.9989677689632452,0.9989677689632452,6.875,1.0,1.0
opaque_11,0.99,0,variables,U,V,U,non_cdt,99.0,61.0,0.8,0.46879062662624377,0.46879062662624377,-0.125,0.0,0.0
opaque_11,0.99,0,formulas,U,V,U,non_cdt,99.0,61.0,0.8,0.06008665017400762,0.06008665017400762,-2.75,0.0,0.0
opaque_11,0.99,0,numeric_evs,U,V,U,non_cdt,99.0,61.0,0.8,0.11920292202211755,0.11920292202211755,-2.0,0.0,0.0
opaque_11,0.99,0,comparison,U,V,U,non_cdt,99.0,61.0,0.8,0.995929862284104,0.995929862284104,5.5,1.0,1.0
opaque_11,0.99,0,full,U,V,U,non_cdt,99.0,61.0,0.8,0.9999573525318144,0.9999573525318144,10.0625,1.0,1.0
